iso_code,country,year,ratio_type,age,dep_percent
AUT,Austria,1992,DEPEND_RATIO,Y_LT20_GE65,63.317
AUT,Austria,1993,DEPEND_RATIO,Y_LT20_GE65,63.096
AUT,Austria,1994,DEPEND_RATIO,Y_LT20_GE65,63.055
AUT,Austria,1995,DEPEND_RATIO,Y_LT20_GE65,63.13
AUT,Austria,1996,DEPEND_RATIO,Y_LT20_GE65,63.246
AUT,Austria,1997,DEPEND_RATIO,Y_LT20_GE65,63.318
AUT,Austria,1998,DEPEND_RATIO,Y_LT20_GE65,63.289
AUT,Austria,1999,DEPEND_RATIO,Y_LT20_GE65,63.087
AUT,Austria,2000,DEPEND_RATIO,Y_LT20_GE65,62.671
AUT,Austria,2001,DEPEND_RATIO,Y_LT20_GE65,62.054
AUT,Austria,2002,DEPEND_RATIO,Y_LT20_GE65,61.327
AUT,Austria,2003,DEPEND_RATIO,Y_LT20_GE65,60.774
AUT,Austria,2004,DEPEND_RATIO,Y_LT20_GE65,60.957
AUT,Austria,2005,DEPEND_RATIO,Y_LT20_GE65,61.768
AUT,Austria,2006,DEPEND_RATIO,Y_LT20_GE65,62.321
AUT,Austria,2007,DEPEND_RATIO,Y_LT20_GE65,62.708
AUT,Austria,2008,DEPEND_RATIO,Y_LT20_GE65,62.678
AUT,Austria,2009,DEPEND_RATIO,Y_LT20_GE65,62.748
AUT,Austria,2010,DEPEND_RATIO,Y_LT20_GE65,62.51
AUT,Austria,2011,DEPEND_RATIO,Y_LT20_GE65,61.733
AUT,Austria,2012,DEPEND_RATIO,Y_LT20_GE65,61.783
AUT,Austria,2013,DEPEND_RATIO,Y_LT20_GE65,61.701
AUT,Austria,2014,DEPEND_RATIO,Y_LT20_GE65,61.636
AUT,Austria,2015,DEPEND_RATIO,Y_LT20_GE65,61.531
AUT,Austria,2016,DEPEND_RATIO,Y_LT20_GE65,61.588
AUT,Austria,2017,DEPEND_RATIO,Y_LT20_GE65,61.606
AUT,Austria,2018,DEPEND_RATIO,Y_LT20_GE65,61.805
AUT,Austria,2019,DEPEND_RATIO,Y_LT20_GE65,62.07
AUT,Austria,2020,DEPEND_RATIO,Y_LT20_GE65,62.44
AUT,Austria,2021,DEPEND_RATIO,Y_LT20_GE65,62.918
AUT,Austria,2022,DEPEND_RATIO,Y_LT20_GE65,63.591
AUT,Austria,2023,DEPEND_RATIO,Y_LT20_GE65,63.982
AUT,Austria,2024,DEPEND_RATIO,Y_LT20_GE65,64.742
BEL,Belgium,1992,DEPEND_RATIO,Y_LT20_GE65,65.819
BEL,Belgium,1993,DEPEND_RATIO,Y_LT20_GE65,65.901
BEL,Belgium,1994,DEPEND_RATIO,Y_LT20_GE65,66.093
BEL,Belgium,1995,DEPEND_RATIO,Y_LT20_GE65,66.502
BEL,Belgium,1996,DEPEND_RATIO,Y_LT20_GE65,66.989
BEL,Belgium,1997,DEPEND_RATIO,Y_LT20_GE65,67.379
BEL,Belgium,1998,DEPEND_RATIO,Y_LT20_GE65,67.625
BEL,Belgium,1999,DEPEND_RATIO,Y_LT20_GE65,67.719
BEL,Belgium,2000,DEPEND_RATIO,Y_LT20_GE65,67.703
BEL,Belgium,2001,DEPEND_RATIO,Y_LT20_GE65,67.59
BEL,Belgium,2002,DEPEND_RATIO,Y_LT20_GE65,67.462
BEL,Belgium,2003,DEPEND_RATIO,Y_LT20_GE65,67.439
BEL,Belgium,2004,DEPEND_RATIO,Y_LT20_GE65,67.54
BEL,Belgium,2005,DEPEND_RATIO,Y_LT20_GE65,67.578
BEL,Belgium,2006,DEPEND_RATIO,Y_LT20_GE65,67.335
BEL,Belgium,2007,DEPEND_RATIO,Y_LT20_GE65,66.985
BEL,Belgium,2008,DEPEND_RATIO,Y_LT20_GE65,66.814
BEL,Belgium,2009,DEPEND_RATIO,Y_LT20_GE65,66.815
BEL,Belgium,2010,DEPEND_RATIO,Y_LT20_GE65,66.803
BEL,Belgium,2011,DEPEND_RATIO,Y_LT20_GE65,66.981
BEL,Belgium,2012,DEPEND_RATIO,Y_LT20_GE65,67.383
BEL,Belgium,2013,DEPEND_RATIO,Y_LT20_GE65,67.81
BEL,Belgium,2014,DEPEND_RATIO,Y_LT20_GE65,68.34
BEL,Belgium,2015,DEPEND_RATIO,Y_LT20_GE65,68.855
BEL,Belgium,2016,DEPEND_RATIO,Y_LT20_GE65,69.321
BEL,Belgium,2017,DEPEND_RATIO,Y_LT20_GE65,69.798
BEL,Belgium,2018,DEPEND_RATIO,Y_LT20_GE65,70.277
BEL,Belgium,2019,DEPEND_RATIO,Y_LT20_GE65,70.781
BEL,Belgium,2020,DEPEND_RATIO,Y_LT20_GE65,71.169
BEL,Belgium,2021,DEPEND_RATIO,Y_LT20_GE65,71.565
BEL,Belgium,2022,DEPEND_RATIO,Y_LT20_GE65,72.088
BEL,Belgium,2023,DEPEND_RATIO,Y_LT20_GE65,72.586
BEL,Belgium,2024,DEPEND_RATIO,Y_LT20_GE65,73.098
CAN,Canada,1992,DEPEND_RATIO,Y_LT20_GE65,64.178
CAN,Canada,1993,DEPEND_RATIO,Y_LT20_GE65,64.284
CAN,Canada,1994,DEPEND_RATIO,Y_LT20_GE65,64.325
CAN,Canada,1995,DEPEND_RATIO,Y_LT20_GE65,64.249
CAN,Canada,1996,DEPEND_RATIO,Y_LT20_GE65,64.179
CAN,Canada,1997,DEPEND_RATIO,Y_LT20_GE65,63.907
CAN,Canada,1998,DEPEND_RATIO,Y_LT20_GE65,63.709
CAN,Canada,1999,DEPEND_RATIO,Y_LT20_GE65,63.256
CAN,Canada,2000,DEPEND_RATIO,Y_LT20_GE65,62.745
CAN,Canada,2001,DEPEND_RATIO,Y_LT20_GE65,62.138
CAN,Canada,2002,DEPEND_RATIO,Y_LT20_GE65,61.521
CAN,Canada,2003,DEPEND_RATIO,Y_LT20_GE65,60.951
CAN,Canada,2004,DEPEND_RATIO,Y_LT20_GE65,60.449
CAN,Canada,2005,DEPEND_RATIO,Y_LT20_GE65,59.983
CAN,Canada,2006,DEPEND_RATIO,Y_LT20_GE65,59.723
CAN,Canada,2007,DEPEND_RATIO,Y_LT20_GE65,59.559
CAN,Canada,2008,DEPEND_RATIO,Y_LT20_GE65,59.569
CAN,Canada,2009,DEPEND_RATIO,Y_LT20_GE65,59.532
CAN,Canada,2010,DEPEND_RATIO,Y_LT20_GE65,59.447
CAN,Canada,2011,DEPEND_RATIO,Y_LT20_GE65,59.565
CAN,Canada,2012,DEPEND_RATIO,Y_LT20_GE65,59.983
CAN,Canada,2013,DEPEND_RATIO,Y_LT20_GE65,60.45
CAN,Canada,2014,DEPEND_RATIO,Y_LT20_GE65,60.962
CAN,Canada,2015,DEPEND_RATIO,Y_LT20_GE65,61.652
CAN,Canada,2016,DEPEND_RATIO,Y_LT20_GE65,62.418
CAN,Canada,2017,DEPEND_RATIO,Y_LT20_GE65,63.072
CAN,Canada,2018,DEPEND_RATIO,Y_LT20_GE65,63.65
CAN,Canada,2019,DEPEND_RATIO,Y_LT20_GE65,64.256
CAN,Canada,2020,DEPEND_RATIO,Y_LT20_GE65,65.061
CAN,Canada,2021,DEPEND_RATIO,Y_LT20_GE65,65.94
CAN,Canada,2022,DEPEND_RATIO,Y_LT20_GE65,66.589
CAN,Canada,2023,DEPEND_RATIO,Y_LT20_GE65,66.269
CAN,Canada,2024,DEPEND_RATIO,Y_LT20_GE65,65.894
FIN,Finland,1992,DEPEND_RATIO,Y_LT20_GE65,64.145
FIN,Finland,1993,DEPEND_RATIO,Y_LT20_GE65,64.767
FIN,Finland,1994,DEPEND_RATIO,Y_LT20_GE65,65.357
FIN,Finland,1995,DEPEND_RATIO,Y_LT20_GE65,65.719
FIN,Finland,1996,DEPEND_RATIO,Y_LT20_GE65,65.823
FIN,Finland,1997,DEPEND_RATIO,Y_LT20_GE65,65.752
FIN,Finland,1998,DEPEND_RATIO,Y_LT20_GE65,65.548
FIN,Finland,1999,DEPEND_RATIO,Y_LT20_GE65,65.339
FIN,Finland,2000,DEPEND_RATIO,Y_LT20_GE65,65.249
FIN,Finland,2001,DEPEND_RATIO,Y_LT20_GE65,65.157
FIN,Finland,2002,DEPEND_RATIO,Y_LT20_GE65,64.985
FIN,Finland,2003,DEPEND_RATIO,Y_LT20_GE65,64.857
FIN,Finland,2004,DEPEND_RATIO,Y_LT20_GE65,64.935
FIN,Finland,2005,DEPEND_RATIO,Y_LT20_GE65,64.982
FIN,Finland,2006,DEPEND_RATIO,Y_LT20_GE65,65.391
FIN,Finland,2007,DEPEND_RATIO,Y_LT20_GE65,65.779
FIN,Finland,2008,DEPEND_RATIO,Y_LT20_GE65,65.82
FIN,Finland,2009,DEPEND_RATIO,Y_LT20_GE65,66.115
FIN,Finland,2010,DEPEND_RATIO,Y_LT20_GE65,66.758
FIN,Finland,2011,DEPEND_RATIO,Y_LT20_GE65,67.876
FIN,Finland,2012,DEPEND_RATIO,Y_LT20_GE65,69.153
FIN,Finland,2013,DEPEND_RATIO,Y_LT20_GE65,70.433
FIN,Finland,2014,DEPEND_RATIO,Y_LT20_GE65,71.656
FIN,Finland,2015,DEPEND_RATIO,Y_LT20_GE65,72.742
FIN,Finland,2016,DEPEND_RATIO,Y_LT20_GE65,73.696
FIN,Finland,2017,DEPEND_RATIO,Y_LT20_GE65,74.647
FIN,Finland,2018,DEPEND_RATIO,Y_LT20_GE65,75.597
FIN,Finland,2019,DEPEND_RATIO,Y_LT20_GE65,76.381
FIN,Finland,2020,DEPEND_RATIO,Y_LT20_GE65,77.085
FIN,Finland,2021,DEPEND_RATIO,Y_LT20_GE65,77.782
FIN,Finland,2022,DEPEND_RATIO,Y_LT20_GE65,78.198
FIN,Finland,2023,DEPEND_RATIO,Y_LT20_GE65,78.155
FIN,Finland,2024,DEPEND_RATIO,Y_LT20_GE65,78.025
FRA,France,1992,DEPEND_RATIO,Y_LT20_GE65,70.892
FRA,France,1993,DEPEND_RATIO,Y_LT20_GE65,70.473
FRA,France,1994,DEPEND_RATIO,Y_LT20_GE65,70.251
FRA,France,1995,DEPEND_RATIO,Y_LT20_GE65,70.381
FRA,France,1996,DEPEND_RATIO,Y_LT20_GE65,70.72
FRA,France,1997,DEPEND_RATIO,Y_LT20_GE65,71.007
FRA,France,1998,DEPEND_RATIO,Y_LT20_GE65,71.187
FRA,France,1999,DEPEND_RATIO,Y_LT20_GE65,71.31
FRA,France,2000,DEPEND_RATIO,Y_LT20_GE65,71.314
FRA,France,2001,DEPEND_RATIO,Y_LT20_GE65,71.227
FRA,France,2002,DEPEND_RATIO,Y_LT20_GE65,71.128
FRA,France,2003,DEPEND_RATIO,Y_LT20_GE65,71.08
FRA,France,2004,DEPEND_RATIO,Y_LT20_GE65,71.132
FRA,France,2005,DEPEND_RATIO,Y_LT20_GE65,71.055
FRA,France,2006,DEPEND_RATIO,Y_LT20_GE65,70.739
FRA,France,2007,DEPEND_RATIO,Y_LT20_GE65,70.48
FRA,France,2008,DEPEND_RATIO,Y_LT20_GE65,70.45
FRA,France,2009,DEPEND_RATIO,Y_LT20_GE65,70.547
FRA,France,2010,DEPEND_RATIO,Y_LT20_GE65,70.687
FRA,France,2011,DEPEND_RATIO,Y_LT20_GE65,71.196
FRA,France,2012,DEPEND_RATIO,Y_LT20_GE65,72.198
FRA,France,2013,DEPEND_RATIO,Y_LT20_GE65,73.419
FRA,France,2014,DEPEND_RATIO,Y_LT20_GE65,74.889
FRA,France,2015,DEPEND_RATIO,Y_LT20_GE65,76.131
FRA,France,2016,DEPEND_RATIO,Y_LT20_GE65,77.204
FRA,France,2017,DEPEND_RATIO,Y_LT20_GE65,78.143
FRA,France,2018,DEPEND_RATIO,Y_LT20_GE65,78.949
FRA,France,2019,DEPEND_RATIO,Y_LT20_GE65,79.614
FRA,France,2020,DEPEND_RATIO,Y_LT20_GE65,79.956
FRA,France,2021,DEPEND_RATIO,Y_LT20_GE65,80.015
FRA,France,2022,DEPEND_RATIO,Y_LT20_GE65,80.137
FRA,France,2023,DEPEND_RATIO,Y_LT20_GE65,80.386
FRA,France,2024,DEPEND_RATIO,Y_LT20_GE65,80.664
DEU,Germany,1992,DEPEND_RATIO,Y_LT20_GE65,57.556
DEU,Germany,1993,DEPEND_RATIO,Y_LT20_GE65,57.791
DEU,Germany,1994,DEPEND_RATIO,Y_LT20_GE65,58.263
DEU,Germany,1995,DEPEND_RATIO,Y_LT20_GE65,58.75
DEU,Germany,1996,DEPEND_RATIO,Y_LT20_GE65,59.154
DEU,Germany,1997,DEPEND_RATIO,Y_LT20_GE65,59.429
DEU,Germany,1998,DEPEND_RATIO,Y_LT20_GE65,59.601
DEU,Germany,1999,DEPEND_RATIO,Y_LT20_GE65,59.933
DEU,Germany,2000,DEPEND_RATIO,Y_LT20_GE65,60.479
DEU,Germany,2001,DEPEND_RATIO,Y_LT20_GE65,61.011
DEU,Germany,2002,DEPEND_RATIO,Y_LT20_GE65,61.546
DEU,Germany,2003,DEPEND_RATIO,Y_LT20_GE65,62.188
DEU,Germany,2004,DEPEND_RATIO,Y_LT20_GE65,63.095
DEU,Germany,2005,DEPEND_RATIO,Y_LT20_GE65,64.113
DEU,Germany,2006,DEPEND_RATIO,Y_LT20_GE65,64.927
DEU,Germany,2007,DEPEND_RATIO,Y_LT20_GE65,65.216
DEU,Germany,2008,DEPEND_RATIO,Y_LT20_GE65,65.163
DEU,Germany,2009,DEPEND_RATIO,Y_LT20_GE65,65.1
DEU,Germany,2010,DEPEND_RATIO,Y_LT20_GE65,64.563
DEU,Germany,2011,DEPEND_RATIO,Y_LT20_GE65,64.47
DEU,Germany,2012,DEPEND_RATIO,Y_LT20_GE65,64.116
DEU,Germany,2013,DEPEND_RATIO,Y_LT20_GE65,64.048
DEU,Germany,2014,DEPEND_RATIO,Y_LT20_GE65,64.286
DEU,Germany,2015,DEPEND_RATIO,Y_LT20_GE65,64.758
DEU,Germany,2016,DEPEND_RATIO,Y_LT20_GE65,65.367
DEU,Germany,2017,DEPEND_RATIO,Y_LT20_GE65,65.943
DEU,Germany,2018,DEPEND_RATIO,Y_LT20_GE65,66.358
DEU,Germany,2019,DEPEND_RATIO,Y_LT20_GE65,66.875
ISL,Iceland,1992,DEPEND_RATIO,Y_LT20_GE65,77.725
ISL,Iceland,1993,DEPEND_RATIO,Y_LT20_GE65,77.346
ISL,Iceland,1994,DEPEND_RATIO,Y_LT20_GE65,77.112
ISL,Iceland,1995,DEPEND_RATIO,Y_LT20_GE65,77.041
ISL,Iceland,1996,DEPEND_RATIO,Y_LT20_GE65,76.786
ISL,Iceland,1997,DEPEND_RATIO,Y_LT20_GE65,76.447
ISL,Iceland,1998,DEPEND_RATIO,Y_LT20_GE65,75.91
ISL,Iceland,1999,DEPEND_RATIO,Y_LT20_GE65,74.997
ISL,Iceland,2000,DEPEND_RATIO,Y_LT20_GE65,73.876
ISL,Iceland,2001,DEPEND_RATIO,Y_LT20_GE65,72.797
ISL,Iceland,2002,DEPEND_RATIO,Y_LT20_GE65,71.987
ISL,Iceland,2003,DEPEND_RATIO,Y_LT20_GE65,71.424
ISL,Iceland,2004,DEPEND_RATIO,Y_LT20_GE65,70.875
ISL,Iceland,2005,DEPEND_RATIO,Y_LT20_GE65,69.908
ISL,Iceland,2006,DEPEND_RATIO,Y_LT20_GE65,68.428
ISL,Iceland,2007,DEPEND_RATIO,Y_LT20_GE65,67.082
ISL,Iceland,2008,DEPEND_RATIO,Y_LT20_GE65,66.568
ISL,Iceland,2009,DEPEND_RATIO,Y_LT20_GE65,67.189
ISL,Iceland,2010,DEPEND_RATIO,Y_LT20_GE65,67.965
ISL,Iceland,2011,DEPEND_RATIO,Y_LT20_GE65,69.893
ISL,Iceland,2012,DEPEND_RATIO,Y_LT20_GE65,70.057
ISL,Iceland,2013,DEPEND_RATIO,Y_LT20_GE65,69.997
ISL,Iceland,2014,DEPEND_RATIO,Y_LT20_GE65,69.886
ISL,Iceland,2015,DEPEND_RATIO,Y_LT20_GE65,69.813
ISL,Iceland,2016,DEPEND_RATIO,Y_LT20_GE65,69.22
ISL,Iceland,2017,DEPEND_RATIO,Y_LT20_GE65,67.963
ISL,Iceland,2018,DEPEND_RATIO,Y_LT20_GE65,66.91
ISL,Iceland,2019,DEPEND_RATIO,Y_LT20_GE65,66.768
ISL,Iceland,2020,DEPEND_RATIO,Y_LT20_GE65,67.328
ISL,Iceland,2021,DEPEND_RATIO,Y_LT20_GE65,67.969
ISL,Iceland,2022,DEPEND_RATIO,Y_LT20_GE65,67.933
ISL,Iceland,2023,DEPEND_RATIO,Y_LT20_GE65,67.432
ISL,Iceland,2024,DEPEND_RATIO,Y_LT20_GE65,67.218
IRL,Ireland,1992,DEPEND_RATIO,Y_LT20_GE65,88.613
IRL,Ireland,1993,DEPEND_RATIO,Y_LT20_GE65,86.282
IRL,Ireland,1994,DEPEND_RATIO,Y_LT20_GE65,84.109
IRL,Ireland,1995,DEPEND_RATIO,Y_LT20_GE65,82.174
IRL,Ireland,1996,DEPEND_RATIO,Y_LT20_GE65,80.112
IRL,Ireland,1997,DEPEND_RATIO,Y_LT20_GE65,78.024
IRL,Ireland,1998,DEPEND_RATIO,Y_LT20_GE65,76.057
IRL,Ireland,1999,DEPEND_RATIO,Y_LT20_GE65,73.979
IRL,Ireland,2000,DEPEND_RATIO,Y_LT20_GE65,71.668
IRL,Ireland,2001,DEPEND_RATIO,Y_LT20_GE65,69.523
IRL,Ireland,2002,DEPEND_RATIO,Y_LT20_GE65,67.36
IRL,Ireland,2003,DEPEND_RATIO,Y_LT20_GE65,65.926
IRL,Ireland,2004,DEPEND_RATIO,Y_LT20_GE65,64.888
IRL,Ireland,2005,DEPEND_RATIO,Y_LT20_GE65,63.476
IRL,Ireland,2006,DEPEND_RATIO,Y_LT20_GE65,61.894
IRL,Ireland,2007,DEPEND_RATIO,Y_LT20_GE65,60.335
IRL,Ireland,2008,DEPEND_RATIO,Y_LT20_GE65,60.619
IRL,Ireland,2009,DEPEND_RATIO,Y_LT20_GE65,61.685
IRL,Ireland,2010,DEPEND_RATIO,Y_LT20_GE65,63.102
IRL,Ireland,2011,DEPEND_RATIO,Y_LT20_GE65,64.235
IRL,Ireland,2012,DEPEND_RATIO,Y_LT20_GE65,65.59
IRL,Ireland,2013,DEPEND_RATIO,Y_LT20_GE65,66.764
IRL,Ireland,2014,DEPEND_RATIO,Y_LT20_GE65,67.835
IRL,Ireland,2015,DEPEND_RATIO,Y_LT20_GE65,68.645
IRL,Ireland,2016,DEPEND_RATIO,Y_LT20_GE65,69.088
IRL,Ireland,2017,DEPEND_RATIO,Y_LT20_GE65,69.485
IRL,Ireland,2018,DEPEND_RATIO,Y_LT20_GE65,69.853
IRL,Ireland,2019,DEPEND_RATIO,Y_LT20_GE65,69.842
IRL,Ireland,2020,DEPEND_RATIO,Y_LT20_GE65,69.774
IRL,Ireland,2021,DEPEND_RATIO,Y_LT20_GE65,69.684
IRL,Ireland,2022,DEPEND_RATIO,Y_LT20_GE65,69.933
IRL,Ireland,2023,DEPEND_RATIO,Y_LT20_GE65,69.597
IRL,Ireland,2024,DEPEND_RATIO,Y_LT20_GE65,69.312
ITA,Italy,1992,DEPEND_RATIO,Y_LT20_GE65,61.799
ITA,Italy,1993,DEPEND_RATIO,Y_LT20_GE65,61.326
ITA,Italy,1994,DEPEND_RATIO,Y_LT20_GE65,60.795
ITA,Italy,1995,DEPEND_RATIO,Y_LT20_GE65,60.445
ITA,Italy,1996,DEPEND_RATIO,Y_LT20_GE65,60.345
ITA,Italy,1997,DEPEND_RATIO,Y_LT20_GE65,60.343
ITA,Italy,1998,DEPEND_RATIO,Y_LT20_GE65,60.428
ITA,Italy,1999,DEPEND_RATIO,Y_LT20_GE65,60.646
ITA,Italy,2000,DEPEND_RATIO,Y_LT20_GE65,61.017
ITA,Italy,2001,DEPEND_RATIO,Y_LT20_GE65,61.386
ITA,Italy,2002,DEPEND_RATIO,Y_LT20_GE65,61.717
ITA,Italy,2003,DEPEND_RATIO,Y_LT20_GE65,61.995
ITA,Italy,2004,DEPEND_RATIO,Y_LT20_GE65,62.408
ITA,Italy,2005,DEPEND_RATIO,Y_LT20_GE65,63.155
ITA,Italy,2006,DEPEND_RATIO,Y_LT20_GE65,63.927
ITA,Italy,2007,DEPEND_RATIO,Y_LT20_GE65,64.398
ITA,Italy,2008,DEPEND_RATIO,Y_LT20_GE65,64.635
ITA,Italy,2009,DEPEND_RATIO,Y_LT20_GE65,64.861
ITA,Italy,2010,DEPEND_RATIO,Y_LT20_GE65,64.981
ITA,Italy,2011,DEPEND_RATIO,Y_LT20_GE65,65.381
ITA,Italy,2012,DEPEND_RATIO,Y_LT20_GE65,66.066
ITA,Italy,2013,DEPEND_RATIO,Y_LT20_GE65,66.707
ITA,Italy,2014,DEPEND_RATIO,Y_LT20_GE65,67.413
ITA,Italy,2015,DEPEND_RATIO,Y_LT20_GE65,68.011
ITA,Italy,2016,DEPEND_RATIO,Y_LT20_GE65,68.449
ITA,Italy,2017,DEPEND_RATIO,Y_LT20_GE65,68.761
ITA,Italy,2018,DEPEND_RATIO,Y_LT20_GE65,68.981
ITA,Italy,2019,DEPEND_RATIO,Y_LT20_GE65,69.296
ITA,Italy,2020,DEPEND_RATIO,Y_LT20_GE65,69.862
ITA,Italy,2021,DEPEND_RATIO,Y_LT20_GE65,70.354
ITA,Italy,2022,DEPEND_RATIO,Y_LT20_GE65,70.561
ITA,Italy,2023,DEPEND_RATIO,Y_LT20_GE65,70.762
ITA,Italy,2024,DEPEND_RATIO,Y_LT20_GE65,71.06
NLD,Netherlands,1992,DEPEND_RATIO,Y_LT20_GE65,60.557
NLD,Netherlands,1993,DEPEND_RATIO,Y_LT20_GE65,60.196
NLD,Netherlands,1994,DEPEND_RATIO,Y_LT20_GE65,60.131
NLD,Netherlands,1995,DEPEND_RATIO,Y_LT20_GE65,60.265
NLD,Netherlands,1996,DEPEND_RATIO,Y_LT20_GE65,60.461
NLD,Netherlands,1997,DEPEND_RATIO,Y_LT20_GE65,60.676
NLD,Netherlands,1998,DEPEND_RATIO,Y_LT20_GE65,60.895
NLD,Netherlands,1999,DEPEND_RATIO,Y_LT20_GE65,61.118
NLD,Netherlands,2000,DEPEND_RATIO,Y_LT20_GE65,61.328
NLD,Netherlands,2001,DEPEND_RATIO,Y_LT20_GE65,61.508
NLD,Netherlands,2002,DEPEND_RATIO,Y_LT20_GE65,61.74
NLD,Netherlands,2003,DEPEND_RATIO,Y_LT20_GE65,62.071
NLD,Netherlands,2004,DEPEND_RATIO,Y_LT20_GE65,62.426
NLD,Netherlands,2005,DEPEND_RATIO,Y_LT20_GE65,62.735
NLD,Netherlands,2006,DEPEND_RATIO,Y_LT20_GE65,62.967
NLD,Netherlands,2007,DEPEND_RATIO,Y_LT20_GE65,63.143
NLD,Netherlands,2008,DEPEND_RATIO,Y_LT20_GE65,63.39
NLD,Netherlands,2009,DEPEND_RATIO,Y_LT20_GE65,63.759
NLD,Netherlands,2010,DEPEND_RATIO,Y_LT20_GE65,64.059
NLD,Netherlands,2011,DEPEND_RATIO,Y_LT20_GE65,64.738
NLD,Netherlands,2012,DEPEND_RATIO,Y_LT20_GE65,65.861
NLD,Netherlands,2013,DEPEND_RATIO,Y_LT20_GE65,66.804
NLD,Netherlands,2014,DEPEND_RATIO,Y_LT20_GE65,67.567
NLD,Netherlands,2015,DEPEND_RATIO,Y_LT20_GE65,68.219
NLD,Netherlands,2016,DEPEND_RATIO,Y_LT20_GE65,68.784
NLD,Netherlands,2017,DEPEND_RATIO,Y_LT20_GE65,69.315
NLD,Netherlands,2018,DEPEND_RATIO,Y_LT20_GE65,69.706
NLD,Netherlands,2019,DEPEND_RATIO,Y_LT20_GE65,69.914
NLD,Netherlands,2020,DEPEND_RATIO,Y_LT20_GE65,70.043
NLD,Netherlands,2021,DEPEND_RATIO,Y_LT20_GE65,70.209
NLD,Netherlands,2022,DEPEND_RATIO,Y_LT20_GE65,70.308
NLD,Netherlands,2023,DEPEND_RATIO,Y_LT20_GE65,70.322
NLD,Netherlands,2024,DEPEND_RATIO,Y_LT20_GE65,70.538
NOR,Norway,1992,DEPEND_RATIO,Y_LT20_GE65,73.065
NOR,Norway,1993,DEPEND_RATIO,Y_LT20_GE65,72.309
NOR,Norway,1994,DEPEND_RATIO,Y_LT20_GE65,71.678
NOR,Norway,1995,DEPEND_RATIO,Y_LT20_GE65,71.22
NOR,Norway,1996,DEPEND_RATIO,Y_LT20_GE65,70.969
NOR,Norway,1997,DEPEND_RATIO,Y_LT20_GE65,70.821
NOR,Norway,1998,DEPEND_RATIO,Y_LT20_GE65,70.544
NOR,Norway,1999,DEPEND_RATIO,Y_LT20_GE65,70.136
NOR,Norway,2000,DEPEND_RATIO,Y_LT20_GE65,69.74
NOR,Norway,2001,DEPEND_RATIO,Y_LT20_GE65,69.373
NOR,Norway,2002,DEPEND_RATIO,Y_LT20_GE65,69.019
NOR,Norway,2003,DEPEND_RATIO,Y_LT20_GE65,68.787
NOR,Norway,2004,DEPEND_RATIO,Y_LT20_GE65,68.726
NOR,Norway,2005,DEPEND_RATIO,Y_LT20_GE65,68.67
NOR,Norway,2006,DEPEND_RATIO,Y_LT20_GE65,68.465
NOR,Norway,2007,DEPEND_RATIO,Y_LT20_GE65,68.116
NOR,Norway,2008,DEPEND_RATIO,Y_LT20_GE65,67.779
NOR,Norway,2009,DEPEND_RATIO,Y_LT20_GE65,67.7
NOR,Norway,2010,DEPEND_RATIO,Y_LT20_GE65,67.77
NOR,Norway,2011,DEPEND_RATIO,Y_LT20_GE65,67.844
NOR,Norway,2012,DEPEND_RATIO,Y_LT20_GE65,67.943
NOR,Norway,2013,DEPEND_RATIO,Y_LT20_GE65,68.021
NOR,Norway,2014,DEPEND_RATIO,Y_LT20_GE65,68.097
NOR,Norway,2015,DEPEND_RATIO,Y_LT20_GE65,68.211
NOR,Norway,2016,DEPEND_RATIO,Y_LT20_GE65,68.395
NOR,Norway,2017,DEPEND_RATIO,Y_LT20_GE65,68.618
NOR,Norway,2018,DEPEND_RATIO,Y_LT20_GE65,68.841
NOR,Norway,2019,DEPEND_RATIO,Y_LT20_GE65,68.945
NOR,Norway,2020,DEPEND_RATIO,Y_LT20_GE65,69.037
NOR,Norway,2021,DEPEND_RATIO,Y_LT20_GE65,69.304
NOR,Norway,2022,DEPEND_RATIO,Y_LT20_GE65,69.551
NOR,Norway,2023,DEPEND_RATIO,Y_LT20_GE65,69.681
NOR,Norway,2024,DEPEND_RATIO,Y_LT20_GE65,69.862
PRT,Portugal,1992,DEPEND_RATIO,Y_LT20_GE65,71.444
PRT,Portugal,1993,DEPEND_RATIO,Y_LT20_GE65,70.404
PRT,Portugal,1994,DEPEND_RATIO,Y_LT20_GE65,69.349
PRT,Portugal,1995,DEPEND_RATIO,Y_LT20_GE65,68.239
PRT,Portugal,1996,DEPEND_RATIO,Y_LT20_GE65,67.197
PRT,Portugal,1997,DEPEND_RATIO,Y_LT20_GE65,66.344
PRT,Portugal,1998,DEPEND_RATIO,Y_LT20_GE65,65.736
PRT,Portugal,1999,DEPEND_RATIO,Y_LT20_GE65,65.258
PRT,Portugal,2000,DEPEND_RATIO,Y_LT20_GE65,64.844
PRT,Portugal,2001,DEPEND_RATIO,Y_LT20_GE65,64.44
PRT,Portugal,2002,DEPEND_RATIO,Y_LT20_GE65,64.006
PRT,Portugal,2003,DEPEND_RATIO,Y_LT20_GE65,63.658
PRT,Portugal,2004,DEPEND_RATIO,Y_LT20_GE65,63.473
PRT,Portugal,2005,DEPEND_RATIO,Y_LT20_GE65,63.405
PRT,Portugal,2006,DEPEND_RATIO,Y_LT20_GE65,63.396
PRT,Portugal,2007,DEPEND_RATIO,Y_LT20_GE65,63.408
PRT,Portugal,2008,DEPEND_RATIO,Y_LT20_GE65,63.53
PRT,Portugal,2009,DEPEND_RATIO,Y_LT20_GE65,63.776
PRT,Portugal,2010,DEPEND_RATIO,Y_LT20_GE65,64.117
PRT,Portugal,2011,DEPEND_RATIO,Y_LT20_GE65,64.869
PRT,Portugal,2012,DEPEND_RATIO,Y_LT20_GE65,65.374
PRT,Portugal,2013,DEPEND_RATIO,Y_LT20_GE65,65.98
PRT,Portugal,2014,DEPEND_RATIO,Y_LT20_GE65,66.743
PRT,Portugal,2015,DEPEND_RATIO,Y_LT20_GE65,67.504
PRT,Portugal,2016,DEPEND_RATIO,Y_LT20_GE65,68.272
PRT,Portugal,2017,DEPEND_RATIO,Y_LT20_GE65,69.028
PRT,Portugal,2018,DEPEND_RATIO,Y_LT20_GE65,69.698
PRT,Portugal,2019,DEPEND_RATIO,Y_LT20_GE65,70.307
PRT,Portugal,2020,DEPEND_RATIO,Y_LT20_GE65,70.846
PRT,Portugal,2021,DEPEND_RATIO,Y_LT20_GE65,71.344
PRT,Portugal,2022,DEPEND_RATIO,Y_LT20_GE65,71.742
PRT,Portugal,2023,DEPEND_RATIO,Y_LT20_GE65,71.976
PRT,Portugal,2024,DEPEND_RATIO,Y_LT20_GE65,72.161
ESP,Spain,1992,DEPEND_RATIO,Y_LT20_GE65,70.098
ESP,Spain,1993,DEPEND_RATIO,Y_LT20_GE65,68.898
ESP,Spain,1994,DEPEND_RATIO,Y_LT20_GE65,67.662
ESP,Spain,1995,DEPEND_RATIO,Y_LT20_GE65,66.35
ESP,Spain,1996,DEPEND_RATIO,Y_LT20_GE65,65.036
ESP,Spain,1997,DEPEND_RATIO,Y_LT20_GE65,63.805
ESP,Spain,1998,DEPEND_RATIO,Y_LT20_GE65,62.707
ESP,Spain,1999,DEPEND_RATIO,Y_LT20_GE65,61.663
ESP,Spain,2000,DEPEND_RATIO,Y_LT20_GE65,60.854
ESP,Spain,2001,DEPEND_RATIO,Y_LT20_GE65,60.332
ESP,Spain,2002,DEPEND_RATIO,Y_LT20_GE65,59.508
ESP,Spain,2003,DEPEND_RATIO,Y_LT20_GE65,58.736
ESP,Spain,2004,DEPEND_RATIO,Y_LT20_GE65,57.816
ESP,Spain,2005,DEPEND_RATIO,Y_LT20_GE65,57.063
ESP,Spain,2006,DEPEND_RATIO,Y_LT20_GE65,57.032
ESP,Spain,2007,DEPEND_RATIO,Y_LT20_GE65,56.66
ESP,Spain,2008,DEPEND_RATIO,Y_LT20_GE65,56.759
ESP,Spain,2009,DEPEND_RATIO,Y_LT20_GE65,57.329
ESP,Spain,2010,DEPEND_RATIO,Y_LT20_GE65,58.056
ESP,Spain,2011,DEPEND_RATIO,Y_LT20_GE65,58.799
ESP,Spain,2012,DEPEND_RATIO,Y_LT20_GE65,59.462
ESP,Spain,2013,DEPEND_RATIO,Y_LT20_GE65,60.419
ESP,Spain,2014,DEPEND_RATIO,Y_LT20_GE65,61.396
ESP,Spain,2015,DEPEND_RATIO,Y_LT20_GE65,62.085
ESP,Spain,2016,DEPEND_RATIO,Y_LT20_GE65,62.686
ESP,Spain,2017,DEPEND_RATIO,Y_LT20_GE65,63.208
ESP,Spain,2018,DEPEND_RATIO,Y_LT20_GE65,63.57
ESP,Spain,2019,DEPEND_RATIO,Y_LT20_GE65,63.71
ESP,Spain,2020,DEPEND_RATIO,Y_LT20_GE65,63.674
ESP,Spain,2021,DEPEND_RATIO,Y_LT20_GE65,63.922
ESP,Spain,2022,DEPEND_RATIO,Y_LT20_GE65,64.13
ESP,Spain,2023,DEPEND_RATIO,Y_LT20_GE65,64.153
ESP,Spain,2024,DEPEND_RATIO,Y_LT20_GE65,64.16
SWE,Sweden,1992,DEPEND_RATIO,Y_LT20_GE65,73.353
SWE,Sweden,1993,DEPEND_RATIO,Y_LT20_GE65,73.215
SWE,Sweden,1994,DEPEND_RATIO,Y_LT20_GE65,72.974
SWE,Sweden,1995,DEPEND_RATIO,Y_LT20_GE65,72.681
SWE,Sweden,1996,DEPEND_RATIO,Y_LT20_GE65,72.367
SWE,Sweden,1997,DEPEND_RATIO,Y_LT20_GE65,72.027
SWE,Sweden,1998,DEPEND_RATIO,Y_LT20_GE65,71.658
SWE,Sweden,1999,DEPEND_RATIO,Y_LT20_GE65,71.189
SWE,Sweden,2000,DEPEND_RATIO,Y_LT20_GE65,70.667
SWE,Sweden,2001,DEPEND_RATIO,Y_LT20_GE65,70.253
SWE,Sweden,2002,DEPEND_RATIO,Y_LT20_GE65,69.99
SWE,Sweden,2003,DEPEND_RATIO,Y_LT20_GE65,69.905
SWE,Sweden,2004,DEPEND_RATIO,Y_LT20_GE65,69.996
SWE,Sweden,2005,DEPEND_RATIO,Y_LT20_GE65,70.016
SWE,Sweden,2006,DEPEND_RATIO,Y_LT20_GE65,69.956
SWE,Sweden,2007,DEPEND_RATIO,Y_LT20_GE65,70.066
SWE,Sweden,2008,DEPEND_RATIO,Y_LT20_GE65,70.368
SWE,Sweden,2009,DEPEND_RATIO,Y_LT20_GE65,70.781
SWE,Sweden,2010,DEPEND_RATIO,Y_LT20_GE65,71.185
SWE,Sweden,2011,DEPEND_RATIO,Y_LT20_GE65,71.55
SWE,Sweden,2012,DEPEND_RATIO,Y_LT20_GE65,71.944
SWE,Sweden,2013,DEPEND_RATIO,Y_LT20_GE65,72.451
SWE,Sweden,2014,DEPEND_RATIO,Y_LT20_GE65,73.019
SWE,Sweden,2015,DEPEND_RATIO,Y_LT20_GE65,73.6
SWE,Sweden,2016,DEPEND_RATIO,Y_LT20_GE65,74.214
SWE,Sweden,2017,DEPEND_RATIO,Y_LT20_GE65,74.882
SWE,Sweden,2018,DEPEND_RATIO,Y_LT20_GE65,75.589
SWE,Sweden,2019,DEPEND_RATIO,Y_LT20_GE65,76.103
SWE,Sweden,2020,DEPEND_RATIO,Y_LT20_GE65,76.449
SWE,Sweden,2021,DEPEND_RATIO,Y_LT20_GE65,76.834
SWE,Sweden,2022,DEPEND_RATIO,Y_LT20_GE65,77.055
SWE,Sweden,2023,DEPEND_RATIO,Y_LT20_GE65,77.039
SWE,Sweden,2024,DEPEND_RATIO,Y_LT20_GE65,77.041
CHE,Switzerland,1992,DEPEND_RATIO,Y_LT20_GE65,60.745
CHE,Switzerland,1993,DEPEND_RATIO,Y_LT20_GE65,60.903
CHE,Switzerland,1994,DEPEND_RATIO,Y_LT20_GE65,61.082
CHE,Switzerland,1995,DEPEND_RATIO,Y_LT20_GE65,61.361
CHE,Switzerland,1996,DEPEND_RATIO,Y_LT20_GE65,61.719
CHE,Switzerland,1997,DEPEND_RATIO,Y_LT20_GE65,62.039
CHE,Switzerland,1998,DEPEND_RATIO,Y_LT20_GE65,62.279
CHE,Switzerland,1999,DEPEND_RATIO,Y_LT20_GE65,62.473
CHE,Switzerland,2000,DEPEND_RATIO,Y_LT20_GE65,62.569
CHE,Switzerland,2001,DEPEND_RATIO,Y_LT20_GE65,61.949
CHE,Switzerland,2002,DEPEND_RATIO,Y_LT20_GE65,61.667
CHE,Switzerland,2003,DEPEND_RATIO,Y_LT20_GE65,61.368
CHE,Switzerland,2004,DEPEND_RATIO,Y_LT20_GE65,61.183
CHE,Switzerland,2005,DEPEND_RATIO,Y_LT20_GE65,61.047
CHE,Switzerland,2006,DEPEND_RATIO,Y_LT20_GE65,61.006
CHE,Switzerland,2007,DEPEND_RATIO,Y_LT20_GE65,60.983
CHE,Switzerland,2008,DEPEND_RATIO,Y_LT20_GE65,60.851
CHE,Switzerland,2009,DEPEND_RATIO,Y_LT20_GE65,60.776
CHE,Switzerland,2010,DEPEND_RATIO,Y_LT20_GE65,60.857
CHE,Switzerland,2011,DEPEND_RATIO,Y_LT20_GE65,60.74
CHE,Switzerland,2012,DEPEND_RATIO,Y_LT20_GE65,60.836
CHE,Switzerland,2013,DEPEND_RATIO,Y_LT20_GE65,60.974
CHE,Switzerland,2014,DEPEND_RATIO,Y_LT20_GE65,61.167
CHE,Switzerland,2015,DEPEND_RATIO,Y_LT20_GE65,61.373
CHE,Switzerland,2016,DEPEND_RATIO,Y_LT20_GE65,61.622
CHE,Switzerland,2017,DEPEND_RATIO,Y_LT20_GE65,61.939
CHE,Switzerland,2018,DEPEND_RATIO,Y_LT20_GE65,62.316
CHE,Switzerland,2019,DEPEND_RATIO,Y_LT20_GE65,62.706
CHE,Switzerland,2020,DEPEND_RATIO,Y_LT20_GE65,63.025
CHE,Switzerland,2021,DEPEND_RATIO,Y_LT20_GE65,63.482
CHE,Switzerland,2022,DEPEND_RATIO,Y_LT20_GE65,64.01
CHE,Switzerland,2023,DEPEND_RATIO,Y_LT20_GE65,64.424
CHE,Switzerland,2024,DEPEND_RATIO,Y_LT20_GE65,64.851
GBR,United Kingdom,1992,DEPEND_RATIO,Y_LT20_GE65,70.337
GBR,United Kingdom,1993,DEPEND_RATIO,Y_LT20_GE65,70.106
GBR,United Kingdom,1994,DEPEND_RATIO,Y_LT20_GE65,70.037
GBR,United Kingdom,1995,DEPEND_RATIO,Y_LT20_GE65,70.09
GBR,United Kingdom,1996,DEPEND_RATIO,Y_LT20_GE65,70.173
GBR,United Kingdom,1997,DEPEND_RATIO,Y_LT20_GE65,70.388
GBR,United Kingdom,1998,DEPEND_RATIO,Y_LT20_GE65,70.46
GBR,United Kingdom,1999,DEPEND_RATIO,Y_LT20_GE65,70.116
GBR,United Kingdom,2000,DEPEND_RATIO,Y_LT20_GE65,69.495
GBR,United Kingdom,2001,DEPEND_RATIO,Y_LT20_GE65,69.11
GBR,United Kingdom,2002,DEPEND_RATIO,Y_LT20_GE65,68.872
GBR,United Kingdom,2003,DEPEND_RATIO,Y_LT20_GE65,68.716
GBR,United Kingdom,2004,DEPEND_RATIO,Y_LT20_GE65,68.438
GBR,United Kingdom,2005,DEPEND_RATIO,Y_LT20_GE65,67.853
GBR,United Kingdom,2006,DEPEND_RATIO,Y_LT20_GE65,67.305
GBR,United Kingdom,2007,DEPEND_RATIO,Y_LT20_GE65,67.093
GBR,United Kingdom,2008,DEPEND_RATIO,Y_LT20_GE65,67.107
GBR,United Kingdom,2009,DEPEND_RATIO,Y_LT20_GE65,67.414
GBR,United Kingdom,2010,DEPEND_RATIO,Y_LT20_GE65,67.619
GBR,United Kingdom,2011,DEPEND_RATIO,Y_LT20_GE65,67.697
GBR,United Kingdom,2012,DEPEND_RATIO,Y_LT20_GE65,68.751
GBR,United Kingdom,2013,DEPEND_RATIO,Y_LT20_GE65,69.405
GBR,United Kingdom,2014,DEPEND_RATIO,Y_LT20_GE65,69.862
GBR,United Kingdom,2015,DEPEND_RATIO,Y_LT20_GE65,70.108
GBR,United Kingdom,2016,DEPEND_RATIO,Y_LT20_GE65,70.315
GBR,United Kingdom,2017,DEPEND_RATIO,Y_LT20_GE65,70.447
GBR,United Kingdom,2018,DEPEND_RATIO,Y_LT20_GE65,70.616
GBR,United Kingdom,2019,DEPEND_RATIO,Y_LT20_GE65,70.875
GBR,United Kingdom,2020,DEPEND_RATIO,Y_LT20_GE65,71.109
GBR,United Kingdom,2021,DEPEND_RATIO,Y_LT20_GE65,71.349
GBR,United Kingdom,2022,DEPEND_RATIO,Y_LT20_GE65,71.771
GBR,United Kingdom,2023,DEPEND_RATIO,Y_LT20_GE65,71.771
GBR,United Kingdom,2024,DEPEND_RATIO,Y_LT20_GE65,72.099
USA,United States,1992,DEPEND_RATIO,Y_LT20_GE65,70.207
USA,United States,1993,DEPEND_RATIO,Y_LT20_GE65,70.498
USA,United States,1994,DEPEND_RATIO,Y_LT20_GE65,70.732
USA,United States,1995,DEPEND_RATIO,Y_LT20_GE65,70.841
USA,United States,1996,DEPEND_RATIO,Y_LT20_GE65,70.906
USA,United States,1997,DEPEND_RATIO,Y_LT20_GE65,70.66
USA,United States,1998,DEPEND_RATIO,Y_LT20_GE65,70.37
USA,United States,1999,DEPEND_RATIO,Y_LT20_GE65,69.937
USA,United States,2000,DEPEND_RATIO,Y_LT20_GE65,69.449
USA,United States,2001,DEPEND_RATIO,Y_LT20_GE65,68.848
USA,United States,2002,DEPEND_RATIO,Y_LT20_GE65,68.271
USA,United States,2003,DEPEND_RATIO,Y_LT20_GE65,67.868
USA,United States,2004,DEPEND_RATIO,Y_LT20_GE65,67.463
USA,United States,2005,DEPEND_RATIO,Y_LT20_GE65,67.089
USA,United States,2006,DEPEND_RATIO,Y_LT20_GE65,66.794
USA,United States,2007,DEPEND_RATIO,Y_LT20_GE65,66.743
USA,United States,2008,DEPEND_RATIO,Y_LT20_GE65,66.903
USA,United States,2009,DEPEND_RATIO,Y_LT20_GE65,66.843
USA,United States,2010,DEPEND_RATIO,Y_LT20_GE65,66.605
USA,United States,2011,DEPEND_RATIO,Y_LT20_GE65,66.272
USA,United States,2012,DEPEND_RATIO,Y_LT20_GE65,66.74
USA,United States,2013,DEPEND_RATIO,Y_LT20_GE65,67.089
USA,United States,2014,DEPEND_RATIO,Y_LT20_GE65,67.496
USA,United States,2015,DEPEND_RATIO,Y_LT20_GE65,67.959
USA,United States,2016,DEPEND_RATIO,Y_LT20_GE65,68.528
USA,United States,2017,DEPEND_RATIO,Y_LT20_GE65,69.114
USA,United States,2018,DEPEND_RATIO,Y_LT20_GE65,69.762
USA,United States,2019,DEPEND_RATIO,Y_LT20_GE65,70.46
USA,United States,2020,DEPEND_RATIO,Y_LT20_GE65,70.713
USA,United States,2021,DEPEND_RATIO,Y_LT20_GE65,71.192
USA,United States,2022,DEPEND_RATIO,Y_LT20_GE65,71.88
USA,United States,2023,DEPEND_RATIO,Y_LT20_GE65,72.554
USA,United States,2024,DEPEND_RATIO,Y_LT20_GE65,73.173
DEU,Germany,2020,DEPEND_RATIO,Y_LT20_GE65,65.4327666263542
DEU,Germany,2021,DEPEND_RATIO,Y_LT20_GE65,66.0962998823714
DEU,Germany,2022,DEPEND_RATIO,Y_LT20_GE65,66.6867570577261
DEU,Germany,2023,DEPEND_RATIO,Y_LT20_GE65,67.2079855458602
DEU,Germany,2024,DEPEND_RATIO,Y_LT20_GE65,67.8629926428207
